Economics Principles I,Economics,B
Economics Principles II,Economics,B
Introduction to Economic Analysis,Economics,B
Interm Microeconomics,Economics,B
Micro Theorety and Analysis,Economics,B
Statistics,Economics,B
Financial Crises,Economics,B
Urban Economics,Economics,B
Money and Banking,Economics,B
Poverty and Income Distribution,Economics,B
International Economics,Economics,B
Privatization,Economics,B
Strategic Decision Theory,Economics,B
Industrial Organization,Economics,B
Economic Development,Economics,B

