Aphrodite,Stephanie,hdufma76,LSC67XWN9SG
Melissa,Marshall,ktxjrk73,LPQ63VBJ6TV
Gabriel,Serina,lcthqs08,JRH15QUZ3EK
Virginia,Reuben,ahqcrg85,PRY74GID2EM
Vivian,Jarrod,pnckml59,KJY69AJG8WW
Lacota,Sarah,oacwdj06,HNF86QHC1FM
Kevyn,Cailin,eneoub46,QGE63BTS1KA
Maya,MacKensie,vhgdjl38,ZMA56PHS0YI
Doris,Blossom,zqesih13,YTE29IPK6MJ
Carol,Julie,xvceoc18,JFW93PIR7RQ
Indira,Shoshana,wkemvv91,ALC85HKQ3HA
Lyle,Calvin,aatirl03,WWE20RCW6HX
Angela,Hall,tpqdfa42,QOG63OIT5RQ
Ira,Sebastian,xmmajc22,DRZ73DZJ5EA
Brady,Igor,rlzaeo68,ZNS49SVC0CG
Morgan,Astra,zzeyjs13,VOA25ALC6GC
Chadwick,Xerxes,perkhs55,KPN37MTM6CI
Charissa,Bert,ptcbwu39,ZHO19ZKR4YB
Ariana,Ivy,lvxfin26,SKH45JIH6HG
Wilma,Savannah,kyvvqh76,JFE11JNQ6FJ
Aline,Jin,vnvdvn40,LGM30HAJ0SS
Dacey,Susan,xiglzw63,XCF49IHL7JX
Alika,Serina,hcdime01,KXC71NTA1CY
Dakota,Elton,keqrpk05,LWU50CAE1EO
Arden,Destiny,iftbgx11,DLP20GXM2KX
Cameron,Cleo,leimim69,NXF76HZO4ES
Sophia,Philip,zyaxlh33,LNU68GYH9WV
Rowan,Autumn,pmjobu77,QMT54RAU9JF
Jorden,Cathleen,viltqj64,ERB60QSV3MM
Shelley,Debra,cjxcdx43,KQE70XJL5VP
Cooper,Taylor,ghnzcx45,TTR06UFO2OY
Tanek,Norman,qzqake80,KTH62HTE7JX
Kaitlin,Akeem,aeufsa76,YNH91IIH1IR
Vera,Madonna,jfxckr43,EMI32OBH3SG
Serena,Acton,dzilhm89,LLI63LBA8JE
Gwendolyn,Neil,oqgpyp31,LII46USD5RO
Adria,Zane,fikgji65,RIC35RHE9LP
Emi,Ralph,ayosbd36,EJV57CWC7KU
Anika,Jenette,cqdjud84,LPL31DLI5BM
Tad,Thomas,zrawut25,USR48AGA8QL
Jenna,Aretha,vqfgzs34,PFL22HBZ5PT
Denise,Drake,fdilde05,RDK33QHB9TQ
Cedric,Charde,ykmzja51,HWI41TOJ8DA
Wallace,Kamal,ihdpic39,HNW69WBA4FH
Forrest,Kennan,snhgwd38,BXF30UQD1PK
Martin,Jolie,cqjerv39,DXR62YNI3KK
Chase,Maia,sfljjo97,FMX88BNQ4MU
Germaine,Camilla,locyxj32,OZA74JEA3YF
Sacha,Shafira,cqxphj00,SGM23LDS8LH
Rhoda,Illana,cgugge14,ZAN69DXH2ZZ
Jeremy,Jamalia,guxkns87,NGW70CZF3KE
Gail,Wilma,vhcspi75,VEV60GDT0XG
Francesca,Raphael,zjxypf37,NIP84IKU0ZP
Charissa,Roth,egbiad22,MAG89FLC6FQ
Virginia,Ruth,ljdvde87,JQX56FPV4WH
Jamal,Brennan,djiply80,WQN27JKY1DH
Rosalyn,Aquila,xnhnit36,FMU58JAU1CR
Rylee,Madaline,xpzioe48,ZOT48HVO6MT
Brielle,Denton,iyqisv43,QBH20QVF1RE
McKenzie,Isaiah,rmsnbj98,MGD48MES9OJ
Whoopi,Sierra,pzmlfp03,HOB72PUQ5QC
Samuel,Phoebe,osfsld27,CDK06VHG9RN
Jasmine,Owen,gsibjx64,TLZ46SWU9RW
Benedict,Arden,yswfyu84,HQS09UJW4VP
Tiger,Risa,bonyjm52,PQE35KGI3SP
Vanna,Igor,qwfztr73,PPJ11HNP8TE
Kennan,Whitney,mbjtkr40,PXQ40PFT3OI
Yvette,Virginia,mcgard78,RTJ70DDT5EJ
Jessamine,Rosalyn,wolbiv66,UOE88EPY9MQ
Moana,Shelley,juznop69,BNT69VYT4QO
Amity,Ralph,mwybvx54,OJV33IXY0VA
Kevin,Lane,qmkpgx28,YAG89IQW8CL
Cora,Tate,upgrnh45,VBF24UNJ0IH
Allegra,Lois,czysvu72,ZSB59SDF2RA
Desirae,Simon,isrwcr23,SUL77EON9VM
Meredith,Sydnee,bppevv88,BSE83AWB2GU
Alexandra,Nicholas,mtwbgw87,NTV13AYE8TG
Len,Uriel,bzyyae18,EXH97IFQ2YD
Zelenia,Ray,gjufor98,GWW28VGZ0BE
Thane,Gay,drrihx24,XCS28XVO8QV
Pascale,Jordan,boihoi37,FRW93EFH4RF
Kitra,Griffith,mlhhzd98,WKW47DZA4SG
Calvin,Lavinia,entjvg00,UJM26UFU6AR
Basia,Susan,cuacvm80,QKG11PZL6ZF
Acton,Jillian,lrgrly71,BPG86IRC1TS
Leroy,Adria,wuqwfg84,GIW95OJO2MP
Sybil,Nora,lmbcpg83,VWE55BUT9FZ
Daria,Basia,xvrgky79,VLK35NXT3FO
Denise,Hashim,etlzmi14,PGJ49QVW3UR
Shana,Chandler,zjrwdb06,IMW09VOG0BV
Doris,Isaac,gfcbbm87,IAS67PUU6MC
Cailin,Giselle,ebethf71,MFJ63LSU2MC
Fleur,Chava,ubupvm08,QLB66UYV5BH
Risa,Isabelle,ydxrxe10,NIU51KJP4GF
Timon,Erin,xncvjr96,MJP52GNK4NX
Olympia,Fiona,lwsvle06,CJO64KZD2QP
Martina,Cleo,fxmshw22,POR42MXL5ON
Uma,Brendan,ejndnv71,LZI34AQI2WX
Rosalyn,Kendall,jcagnp80,NYF84JKG1NS
Basia,Ryan,bnwsvc57,YCD01JNS2PF
Callie,Rogan,cpemwh95,KUQ96JTU9NS
Alan,Marcia,sdagwf80,JQE98QVC6LN
Ila,Aurora,kclewj75,JIG53MJP3LY
Winifred,Lucius,xugtxw13,HGV36ZFB7UL
Amos,Alvin,yknizw79,VKW56QMN8WU
Aspen,Micah,eurkvj12,LFF87OVP3TK
Palmer,Magee,akgmxb36,DAW86GSB4ZM
Mari,Chelsea,iktdzc94,VNK27XCV2UY
Destiny,McKenzie,wyxpai54,ZTU34YJO8TK
Harrison,Chanda,pecszi49,PDV50KOK9AK
Nash,Sara,teuctq81,ABT11LEL9DB
Aretha,Vera,pdidng19,YZR17UWK6AK
Nathaniel,Petra,pvethc83,EVX21BVK2SI
Clayton,Hashim,mzejju37,MDI33CPK9YO
Ramona,Solomon,vxxqhd36,ITD39MRS8LF
Xander,Raymond,ogwdrw02,QYB58SVA0MJ
Ryan,Lucius,rtcily76,XOF14JVH4BY
Howard,Belle,mhuihw86,RLH45QWL4OI
Yvonne,Quail,mldhtp36,ZLD22MPC2FU
Norman,Kay,ffecrp69,OKL05TTD0KC
Kellie,Knox,ktazwi16,BSW28ZXL6XA
Alika,Giselle,aoctrf17,TSE57DJC3BD
Anastasia,Urielle,kyxikn24,OOL16FUX3PQ
Blythe,Rana,dwynyh50,IMM23UQX9BM
Lamar,Joseph,pgskdc07,FUY07LAZ0CI
Kelly,Leah,oyjfwj23,YTY14IIN3DS
Brent,Angela,uvnvvo91,CNR08XWG1FE
Stephen,Brianna,jilswu85,XWJ73EPY1SA
Lysandra,Holly,bmhxtl19,HGH66ZMM8AK
Natalie,Hilda,ecptas40,IWC81ANP1LX
Gay,Omar,nasznn09,FKC39VIR2KA
Burke,John,uhmiwp77,YNH92GNT2LZ
Maxine,Justina,hqiqip03,TMD09MXP2RO
Rama,Willa,oafbtl47,CZA73QCX6LQ
Calista,Lamar,rdbpti22,CFV14XWW3PY
Gannon,Maile,rqgtnx11,BTV28KYD6GF
Tanek,Axel,ihzfdi80,RLU37OVQ7AR
Jonah,Serina,xhgwly06,VEZ11EHM9JD
Imogene,Buffy,ldrhtk34,XEJ24FQI2HD
Jerome,Dorian,hqlocl92,WBS07AUD3FA
Justine,Larissa,gxuwgb14,OLR18FHI1OF
Carl,Dillon,gwhaaq20,DVG05DIR2SF
Nita,Hilel,jpqryt21,XMJ77KUK6VO
Jack,Benedict,qbfysn69,FBH86YTL1XI
Mercedes,Drake,dlrxwi74,TWB80ZMP6KV
Oliver,Nehru,qkrjwv21,NOI92GVN9GH
Sean,Ella,cxhpny93,RRY03IYE5DR
Cain,Jamal,qjslxs61,NZH42WYF8HW
Kim,Dale,yxoxce07,HMK61WOW5TK
Kitra,Aidan,wvwvat09,HIW18TGB7AJ
Denise,Jack,alipix37,LJP22KHZ5FG
Scott,Aspen,lsvrup71,WEE24TQJ1JV
Jada,Willa,crjkqw68,SRI45AFC7JY
Thomas,Kerry,gkiwuk26,WFS55CEL7BE
Henry,Hayes,pxkvad29,ATF40CFM3VI
Kirby,Kennan,wdqboj17,TNI69ERB3QB
Brooke,Stacy,mezsri59,XCW07YOC0HV
Libby,Marshall,nnveof86,IRD56VEA3EX
Jaquelyn,Alexandra,xeymha71,QLQ12VSM6IU
Ferris,Isaiah,izhnar69,DSV36IPR1SH
Kirby,Giacomo,lvedhu40,CXL11YCV6AZ
Fletcher,September,hzexrg69,VZJ61NXX9AA
Savannah,Iris,dajgvz28,ICC32ZZN6XI
Lacy,Emery,zsuxpt96,PJU57ALS2GB
Harding,Garrett,jqiiey24,NNM13JUB2LQ
Madeline,Curran,gjgrbn91,XGM55USN9FA
Katelyn,Michael,fvaaxi45,YSV29MJM3MJ
Maris,Vincent,yfsqts87,GNZ05ZZW4OU
Carly,Hamish,bcwlpg99,XVX15NWG3QM
Steven,Lev,okpohb10,FND33OXQ4WN
Eric,Quail,qwhmdr16,NSE92TFI8HO
Hedy,Illana,xtzujl68,TLN67ASJ1IX
Rhonda,Kasimir,wchcle39,OUW37RSG3PZ
Quamar,Bradley,pmciwf67,AEQ14SOP0NE
Sybill,Hollee,mrcexk78,EWM69VNF4HG
Martina,Tiger,icpwss48,OVI28NDI2BM
Candice,Kenneth,eejrjv96,MWY54VHE2DT
Arthur,Jakeem,zzzdhg17,KTY50QXX5NK
Jamal,Jescie,zyigdo38,QVX67AWA2RL
Xander,Lila,zbfxzu43,GXI22PIU9FK
Reuben,Blossom,apdxqj50,IEA33YJE3TL
Dennis,Barrett,qmrzgq26,LIS04QRV1SE
Giacomo,Palmer,otryxa63,HUA74ZAC1SO
Judith,Imelda,pybgug99,PSO33MGJ1PR
Xerxes,Lesley,klolot10,GPR26XAW8ZL
Knox,Kermit,uxbahf59,FEJ67UEN9GU
Kimberly,Vanna,aevabs05,GOH15HMV8KA
Astra,Ramona,rvpvjo01,CAD28EIO1VV
Olivia,Brenda,aikmdh81,JRV12QOV7SX
Quinn,Serena,fqanfe30,XMB28NJE4NN
Bethany,Gavin,tjzhet90,NVH18VJA1JX
Mufutau,Ila,dpyntj02,MJA83IAC2DQ
Brenna,Hillary,uyfdzk58,CYA68NLG5TS
Victor,Plato,oibplj60,MCV43YKT4HW
Guinevere,Evelyn,ngvzmk71,ILT65IBX0DJ
Brenden,Walker,vlxfei50,SVO96OKB2QK
Nichole,Gretchen,bgsdds25,VEI20NMK0NC
Shellie,Ava,bnqlow09,OLA81DYW3LR
Kenneth,Phyllis,zphlai91,EAD66PGN6FC
Brian,Cyrus,xgjvcs27,GAT83FWQ1ZV

